{
  "project_info": {
    "project_number": "959074822458",
    "project_id": "uc3m-it-2024-16504-g17",
    "storage_bucket": "uc3m-it-2024-16504-g17.appspot.com"
  },
  "client": [
    {
      "client_info": {
        "mobilesdk_app_id": "1:959074822458:android:32e9fc12f884a1269b4803",
        "android_client_info": {
          "package_name": "es.uc3m.android.farmspot"
        }
      },
      "oauth_client": [],
      "api_key": [
        {
          "current_key": "AIzaSyD13p8IQ-v-Qa_jYGi6JPeJ9to9jNHf0OU"
        }
      ],
      "services": {
        "appinvite_service": {
          "other_platform_oauth_client": []
        }
      }
    }
  ],
  "configuration_version": "1"
}